<?xml version="1.0" encoding="UTF-8"?>
<metadata xmlns="http://www.demandware.com/xml/impex/metadata/2006-10-31">

    <custom-type type-id="NotifyMeBackInStock">
        <display-name xml:lang="x-default">Notify Me Back In Stock</display-name>
        <staging-mode>no-staging</staging-mode>
        <storage-scope>organization</storage-scope>
        <retention-days>30</retention-days>
        <key-definition attribute-id="productId">
            <type>string</type>
            <min-length>0</min-length>
        </key-definition>
        <attribute-definitions>
            <attribute-definition attribute-id="phoneNumbers">
                <display-name xml:lang="x-default">Phone Numbers</display-name>
                <type>string</type>
                <localizable-flag>false</localizable-flag>
                <mandatory-flag>false</mandatory-flag>
                <externally-managed-flag>false</externally-managed-flag>
                <min-length>0</min-length>
            </attribute-definition>
        </attribute-definitions>
        <group-definitions>
            <attribute-group group-id="notify">
                <display-name xml:lang="x-default">Notify</display-name>
                <attribute attribute-id="productId"/>
                <attribute attribute-id="phoneNumbers"/>
            </attribute-group>
        </group-definitions>
    </custom-type>

</metadata>
