<?xml version="1.0" encoding="UTF-8"?>
<services xmlns="http://www.demandware.com/xml/impex/services/2014-09-26">

    <service-credential service-credential-id="twilio.sms.credentials">
        <url>https://api.twilio.com/2010-04-01/Accounts/ACe3b134ff0d77e1c39e23b64d66392fe1/Messages.json</url>
        <user-id>ACe3b134ff0d77e1c39e23b64d66392fe1</user-id>
        <password masked="true">********</password>
    </service-credential>

    <service-profile service-profile-id="twilio.sms.profile">
        <timeout-millis>2000</timeout-millis>
        <rate-limit-enabled>false</rate-limit-enabled>
        <rate-limit-calls>0</rate-limit-calls>
        <rate-limit-millis>0</rate-limit-millis>
        <cb-enabled>true</cb-enabled>
        <cb-calls>0</cb-calls>
        <cb-millis>0</cb-millis>
    </service-profile>

    <service service-id="plugin.http.twilio.sms">
        <service-type>HTTP</service-type>
        <enabled>true</enabled>
        <log-prefix/>
        <comm-log-enabled>false</comm-log-enabled>
        <force-prd-enabled>false</force-prd-enabled>
        <mock-mode-enabled>false</mock-mode-enabled>
        <profile-id>twilio.sms.profile</profile-id>
        <credential-id>twilio.sms.credentials</credential-id>
    </service>

</services>
